"international_code","country_or_region_zh","english_name","phone_code","source_url","scraped_at"
"AD","安道尔共和国","Andorra","376","https://www.chinassl.net/ssltools/country-code.html","2026-06-29"
"AE","阿拉伯联合酋长国","United Arab Emirates","971","https://www.chinassl.net/ssltools/country-code.html","2026-06-29"
"AF","阿富汗","Afghanistan","93","https://www.chinassl.net/ssltools/country-code.html","2026-06-29"
"AG","安提瓜和巴布达","Antigua and Barbuda","1268","https://www.chinassl.net/ssltools/country-code.html","2026-06-29"
"AI","安圭拉岛","Anguilla","1264","https://www.chinassl.net/ssltools/country-code.html","2026-06-29"
"AL","阿尔巴尼亚","Albania","355","https://www.chinassl.net/ssltools/country-code.html","2026-06-29"
"AM","亚美尼亚","Armenia","374","https://www.chinassl.net/ssltools/country-code.html","2026-06-29"
"","阿森松","Ascension","247","https://www.chinassl.net/ssltools/country-code.html","2026-06-29"
"AO","安哥拉","Angola","244","https://www.chinassl.net/ssltools/country-code.html","2026-06-29"
"AR","阿根廷","Argentina","54","https://www.chinassl.net/ssltools/country-code.html","2026-06-29"
"AT","奥地利","Austria","43","https://www.chinassl.net/ssltools/country-code.html","2026-06-29"
"AU","澳大利亚","Australia","61","https://www.chinassl.net/ssltools/country-code.html","2026-06-29"
"AZ","阿塞拜疆","Azerbaijan","994","https://www.chinassl.net/ssltools/country-code.html","2026-06-29"
"BB","巴巴多斯","Barbados","1246","https://www.chinassl.net/ssltools/country-code.html","2026-06-29"
"BD","孟加拉国","Bangladesh","880","https://www.chinassl.net/ssltools/country-code.html","2026-06-29"
"BE","比利时","Belgium","32","https://www.chinassl.net/ssltools/country-code.html","2026-06-29"
"BF","布基纳法索","Burkina-faso","226","https://www.chinassl.net/ssltools/country-code.html","2026-06-29"
"BG","保加利亚","Bulgaria","359","https://www.chinassl.net/ssltools/country-code.html","2026-06-29"
"BH","巴林","Bahrain","973","https://www.chinassl.net/ssltools/country-code.html","2026-06-29"
"BI","布隆迪","Burundi","257","https://www.chinassl.net/ssltools/country-code.html","2026-06-29"
"BJ","贝宁","Benin","229","https://www.chinassl.net/ssltools/country-code.html","2026-06-29"
"BL","巴勒斯坦","Palestine","970","https://www.chinassl.net/ssltools/country-code.html","2026-06-29"
"BM","百慕大群岛","Bermuda Is.","1441","https://www.chinassl.net/ssltools/country-code.html","2026-06-29"
"BN","文莱","Brunei","673","https://www.chinassl.net/ssltools/country-code.html","2026-06-29"
"BO","玻利维亚","Bolivia","591","https://www.chinassl.net/ssltools/country-code.html","2026-06-29"
"BR","巴西","Brazil","55","https://www.chinassl.net/ssltools/country-code.html","2026-06-29"
"BS","巴哈马","Bahamas","1242","https://www.chinassl.net/ssltools/country-code.html","2026-06-29"
"BW","博茨瓦纳","Botswana","267","https://www.chinassl.net/ssltools/country-code.html","2026-06-29"
"BY","白俄罗斯","Belarus","375","https://www.chinassl.net/ssltools/country-code.html","2026-06-29"
"BZ","伯利兹","Belize","501","https://www.chinassl.net/ssltools/country-code.html","2026-06-29"
"CA","加拿大","Canada","1","https://www.chinassl.net/ssltools/country-code.html","2026-06-29"
"","开曼群岛","Cayman Is.","1345","https://www.chinassl.net/ssltools/country-code.html","2026-06-29"
"CF","中非共和国","Central African Republic","236","https://www.chinassl.net/ssltools/country-code.html","2026-06-29"
"CG","刚果","Congo","242","https://www.chinassl.net/ssltools/country-code.html","2026-06-29"
"CH","瑞士","Switzerland","41","https://www.chinassl.net/ssltools/country-code.html","2026-06-29"
"CK","库克群岛","Cook Is.","682","https://www.chinassl.net/ssltools/country-code.html","2026-06-29"
"CL","智利","Chile","56","https://www.chinassl.net/ssltools/country-code.html","2026-06-29"
"CM","喀麦隆","Cameroon","237","https://www.chinassl.net/ssltools/country-code.html","2026-06-29"
"CN","中国","China","86","https://www.chinassl.net/ssltools/country-code.html","2026-06-29"
"CO","哥伦比亚","Colombia","57","https://www.chinassl.net/ssltools/country-code.html","2026-06-29"
"CR","哥斯达黎加","Costa Rica","506","https://www.chinassl.net/ssltools/country-code.html","2026-06-29"
"CS","捷克","Czech","420","https://www.chinassl.net/ssltools/country-code.html","2026-06-29"
"CU","古巴","Cuba","53","https://www.chinassl.net/ssltools/country-code.html","2026-06-29"
"CY","塞浦路斯","Cyprus","357","https://www.chinassl.net/ssltools/country-code.html","2026-06-29"
"CZ","捷克","Czech Republic","420","https://www.chinassl.net/ssltools/country-code.html","2026-06-29"
"DE","德国","Germany","49","https://www.chinassl.net/ssltools/country-code.html","2026-06-29"
"DJ","吉布提","Djibouti","253","https://www.chinassl.net/ssltools/country-code.html","2026-06-29"
"DK","丹麦","Denmark","45","https://www.chinassl.net/ssltools/country-code.html","2026-06-29"
"DO","多米尼加共和国","Dominica Rep.","1890","https://www.chinassl.net/ssltools/country-code.html","2026-06-29"
"DZ","阿尔及利亚","Algeria","213","https://www.chinassl.net/ssltools/country-code.html","2026-06-29"
"EC","厄瓜多尔","Ecuador","593","https://www.chinassl.net/ssltools/country-code.html","2026-06-29"
"EE","爱沙尼亚","Estonia","372","https://www.chinassl.net/ssltools/country-code.html","2026-06-29"
"EG","埃及","Egypt","20","https://www.chinassl.net/ssltools/country-code.html","2026-06-29"
"ES","西班牙","Spain","34","https://www.chinassl.net/ssltools/country-code.html","2026-06-29"
"ET","埃塞俄比亚","Ethiopia","251","https://www.chinassl.net/ssltools/country-code.html","2026-06-29"
"FI","芬兰","Finland","358","https://www.chinassl.net/ssltools/country-code.html","2026-06-29"
"FJ","斐济","Fiji","679","https://www.chinassl.net/ssltools/country-code.html","2026-06-29"
"FR","法国","France","33","https://www.chinassl.net/ssltools/country-code.html","2026-06-29"
"GA","加蓬","Gabon","241","https://www.chinassl.net/ssltools/country-code.html","2026-06-29"
"GB","英国","United Kiongdom","44","https://www.chinassl.net/ssltools/country-code.html","2026-06-29"
"GD","格林纳达","Grenada","1809","https://www.chinassl.net/ssltools/country-code.html","2026-06-29"
"GE","格鲁吉亚","Georgia","995","https://www.chinassl.net/ssltools/country-code.html","2026-06-29"
"GF","法属圭亚那","French Guiana","594","https://www.chinassl.net/ssltools/country-code.html","2026-06-29"
"GH","加纳","Ghana","233","https://www.chinassl.net/ssltools/country-code.html","2026-06-29"
"GI","直布罗陀","Gibraltar","350","https://www.chinassl.net/ssltools/country-code.html","2026-06-29"
"GM","冈比亚","Gambia","220","https://www.chinassl.net/ssltools/country-code.html","2026-06-29"
"GN","几内亚","Guinea","224","https://www.chinassl.net/ssltools/country-code.html","2026-06-29"
"GR","希腊","Greece","30","https://www.chinassl.net/ssltools/country-code.html","2026-06-29"
"GT","危地马拉","Guatemala","502","https://www.chinassl.net/ssltools/country-code.html","2026-06-29"
"GU","关岛","Guam","1671","https://www.chinassl.net/ssltools/country-code.html","2026-06-29"
"GY","圭亚那","Guyana","592","https://www.chinassl.net/ssltools/country-code.html","2026-06-29"
"HK","中国香港特别行政区","Hongkong","852","https://www.chinassl.net/ssltools/country-code.html","2026-06-29"
"HN","洪都拉斯","Honduras","504","https://www.chinassl.net/ssltools/country-code.html","2026-06-29"
"HT","海地","Haiti","509","https://www.chinassl.net/ssltools/country-code.html","2026-06-29"
"HU","匈牙利","Hungary","36","https://www.chinassl.net/ssltools/country-code.html","2026-06-29"
"ID","印度尼西亚","Indonesia","62","https://www.chinassl.net/ssltools/country-code.html","2026-06-29"
"IE","爱尔兰","Ireland","353","https://www.chinassl.net/ssltools/country-code.html","2026-06-29"
"IL","以色列","Israel","972","https://www.chinassl.net/ssltools/country-code.html","2026-06-29"
"IN","印度","India","91","https://www.chinassl.net/ssltools/country-code.html","2026-06-29"
"IQ","伊拉克","Iraq","964","https://www.chinassl.net/ssltools/country-code.html","2026-06-29"
"IR","伊朗","Iran","98","https://www.chinassl.net/ssltools/country-code.html","2026-06-29"
"IS","冰岛","Iceland","354","https://www.chinassl.net/ssltools/country-code.html","2026-06-29"
"IT","意大利","Italy","39","https://www.chinassl.net/ssltools/country-code.html","2026-06-29"
"","科特迪瓦","Ivory Coast","225","https://www.chinassl.net/ssltools/country-code.html","2026-06-29"
"JM","牙买加","Jamaica","1876","https://www.chinassl.net/ssltools/country-code.html","2026-06-29"
"JO","约旦","Jordan","962","https://www.chinassl.net/ssltools/country-code.html","2026-06-29"
"JP","日本","Japan","81","https://www.chinassl.net/ssltools/country-code.html","2026-06-29"
"KE","肯尼亚","Kenya","254","https://www.chinassl.net/ssltools/country-code.html","2026-06-29"
"KG","吉尔吉斯坦","Kyrgyzstan","331","https://www.chinassl.net/ssltools/country-code.html","2026-06-29"
"KH","柬埔寨","Kampuchea (Cambodia )","855","https://www.chinassl.net/ssltools/country-code.html","2026-06-29"
"KP","朝鲜","North Korea","850","https://www.chinassl.net/ssltools/country-code.html","2026-06-29"
"KR","韩国","Korea","82","https://www.chinassl.net/ssltools/country-code.html","2026-06-29"
"KT","科特迪瓦共和国","Republic of Ivory Coast","225","https://www.chinassl.net/ssltools/country-code.html","2026-06-29"
"KW","科威特","Kuwait","965","https://www.chinassl.net/ssltools/country-code.html","2026-06-29"
"KZ","哈萨克斯坦","Kazakstan","327","https://www.chinassl.net/ssltools/country-code.html","2026-06-29"
"LA","老挝","Laos","856","https://www.chinassl.net/ssltools/country-code.html","2026-06-29"
"LB","黎巴嫩","Lebanon","961","https://www.chinassl.net/ssltools/country-code.html","2026-06-29"
"LC","圣卢西亚","St.Lucia","1758","https://www.chinassl.net/ssltools/country-code.html","2026-06-29"
"LI","列支敦士登","Liechtenstein","423","https://www.chinassl.net/ssltools/country-code.html","2026-06-29"
"LK","斯里兰卡","Sri Lanka","94","https://www.chinassl.net/ssltools/country-code.html","2026-06-29"
"LR","利比里亚","Liberia","231","https://www.chinassl.net/ssltools/country-code.html","2026-06-29"
"LS","莱索托","Lesotho","266","https://www.chinassl.net/ssltools/country-code.html","2026-06-29"
"LT","立陶宛","Lithuania","370","https://www.chinassl.net/ssltools/country-code.html","2026-06-29"
"LU","卢森堡","Luxembourg","352","https://www.chinassl.net/ssltools/country-code.html","2026-06-29"
"LV","拉脱维亚","Latvia","371","https://www.chinassl.net/ssltools/country-code.html","2026-06-29"
"LY","利比亚","Libya","218","https://www.chinassl.net/ssltools/country-code.html","2026-06-29"
"MA","摩洛哥","Morocco","212","https://www.chinassl.net/ssltools/country-code.html","2026-06-29"
"MC","摩纳哥","Monaco","377","https://www.chinassl.net/ssltools/country-code.html","2026-06-29"
"MD","摩尔多瓦","Moldova, Republic of","373","https://www.chinassl.net/ssltools/country-code.html","2026-06-29"
"MG","马达加斯加","Madagascar","261","https://www.chinassl.net/ssltools/country-code.html","2026-06-29"
"ML","马里","Mali","223","https://www.chinassl.net/ssltools/country-code.html","2026-06-29"
"MM","缅甸","Burma","95","https://www.chinassl.net/ssltools/country-code.html","2026-06-29"
"MN","蒙古","Mongolia","976","https://www.chinassl.net/ssltools/country-code.html","2026-06-29"
"MO","中国澳门特别行政区","Macao","853","https://www.chinassl.net/ssltools/country-code.html","2026-06-29"
"MS","蒙特塞拉特岛","Montserrat Is","1664","https://www.chinassl.net/ssltools/country-code.html","2026-06-29"
"MT","马耳他","Malta","356","https://www.chinassl.net/ssltools/country-code.html","2026-06-29"
"","马里亚那群岛","Mariana Is","1670","https://www.chinassl.net/ssltools/country-code.html","2026-06-29"
"","马提尼克","Martinique","596","https://www.chinassl.net/ssltools/country-code.html","2026-06-29"
"MU","毛里求斯","Mauritius","230","https://www.chinassl.net/ssltools/country-code.html","2026-06-29"
"MV","马尔代夫","Maldives","960","https://www.chinassl.net/ssltools/country-code.html","2026-06-29"
"MW","马拉维","Malawi","265","https://www.chinassl.net/ssltools/country-code.html","2026-06-29"
"MX","墨西哥","Mexico","52","https://www.chinassl.net/ssltools/country-code.html","2026-06-29"
"MY","马来西亚","Malaysia","60","https://www.chinassl.net/ssltools/country-code.html","2026-06-29"
"MZ","莫桑比克","Mozambique","258","https://www.chinassl.net/ssltools/country-code.html","2026-06-29"
"NA","纳米比亚","Namibia","264","https://www.chinassl.net/ssltools/country-code.html","2026-06-29"
"NE","尼日尔","Niger","977","https://www.chinassl.net/ssltools/country-code.html","2026-06-29"
"NG","尼日利亚","Nigeria","234","https://www.chinassl.net/ssltools/country-code.html","2026-06-29"
"NI","尼加拉瓜","Nicaragua","505","https://www.chinassl.net/ssltools/country-code.html","2026-06-29"
"NL","荷兰","Netherlands","31","https://www.chinassl.net/ssltools/country-code.html","2026-06-29"
"NO","挪威","Norway","47","https://www.chinassl.net/ssltools/country-code.html","2026-06-29"
"NP","尼泊尔","Nepal","977","https://www.chinassl.net/ssltools/country-code.html","2026-06-29"
"","荷属安的列斯","Netheriands Antilles","599","https://www.chinassl.net/ssltools/country-code.html","2026-06-29"
"NR","瑙鲁","Nauru","674","https://www.chinassl.net/ssltools/country-code.html","2026-06-29"
"NZ","新西兰","New Zealand","64","https://www.chinassl.net/ssltools/country-code.html","2026-06-29"
"OM","阿曼","Oman","968","https://www.chinassl.net/ssltools/country-code.html","2026-06-29"
"PA","巴拿马","Panama","507","https://www.chinassl.net/ssltools/country-code.html","2026-06-29"
"PE","秘鲁","Peru","51","https://www.chinassl.net/ssltools/country-code.html","2026-06-29"
"PF","法属玻利尼西亚","French Polynesia","689","https://www.chinassl.net/ssltools/country-code.html","2026-06-29"
"PG","巴布亚新几内亚","Papua New Cuinea","675","https://www.chinassl.net/ssltools/country-code.html","2026-06-29"
"PH","菲律宾","Philippines","63","https://www.chinassl.net/ssltools/country-code.html","2026-06-29"
"PK","巴基斯坦","Pakistan","92","https://www.chinassl.net/ssltools/country-code.html","2026-06-29"
"PL","波兰","Poland","48","https://www.chinassl.net/ssltools/country-code.html","2026-06-29"
"PR","波多黎各","Puerto Rico","1787","https://www.chinassl.net/ssltools/country-code.html","2026-06-29"
"PT","葡萄牙","Portugal","351","https://www.chinassl.net/ssltools/country-code.html","2026-06-29"
"PY","巴拉圭","Paraguay","595","https://www.chinassl.net/ssltools/country-code.html","2026-06-29"
"QA","卡塔尔","Qatar","974","https://www.chinassl.net/ssltools/country-code.html","2026-06-29"
"","留尼旺","Reunion","262","https://www.chinassl.net/ssltools/country-code.html","2026-06-29"
"RO","罗马尼亚","Romania","40","https://www.chinassl.net/ssltools/country-code.html","2026-06-29"
"RU","俄罗斯","Russia","7","https://www.chinassl.net/ssltools/country-code.html","2026-06-29"
"SA","沙特阿拉伯","Saudi Arabia","966","https://www.chinassl.net/ssltools/country-code.html","2026-06-29"
"SB","所罗门群岛","Solomon Is","677","https://www.chinassl.net/ssltools/country-code.html","2026-06-29"
"SC","塞舌尔","Seychelles","248","https://www.chinassl.net/ssltools/country-code.html","2026-06-29"
"SD","苏丹","Sudan","249","https://www.chinassl.net/ssltools/country-code.html","2026-06-29"
"SE","瑞典","Sweden","46","https://www.chinassl.net/ssltools/country-code.html","2026-06-29"
"SG","新加坡","Singapore","65","https://www.chinassl.net/ssltools/country-code.html","2026-06-29"
"SI","斯洛文尼亚","Slovenia","386","https://www.chinassl.net/ssltools/country-code.html","2026-06-29"
"SK","斯洛伐克","Slovakia","421","https://www.chinassl.net/ssltools/country-code.html","2026-06-29"
"SL","塞拉利昂","Sierra Leone","232","https://www.chinassl.net/ssltools/country-code.html","2026-06-29"
"SM","圣马力诺","San Marino","378","https://www.chinassl.net/ssltools/country-code.html","2026-06-29"
"","东萨摩亚(美)","Samoa Eastern","684","https://www.chinassl.net/ssltools/country-code.html","2026-06-29"
"","西萨摩亚","San Marino","685","https://www.chinassl.net/ssltools/country-code.html","2026-06-29"
"SN","塞内加尔","Senegal","221","https://www.chinassl.net/ssltools/country-code.html","2026-06-29"
"SO","索马里","Somali","252","https://www.chinassl.net/ssltools/country-code.html","2026-06-29"
"SR","苏里南","Suriname","597","https://www.chinassl.net/ssltools/country-code.html","2026-06-29"
"ST","圣多美和普林西比","Sao Tome and Principe","239","https://www.chinassl.net/ssltools/country-code.html","2026-06-29"
"SV","萨尔瓦多","EI Salvador","503","https://www.chinassl.net/ssltools/country-code.html","2026-06-29"
"SY","叙利亚","Syria","963","https://www.chinassl.net/ssltools/country-code.html","2026-06-29"
"SZ","斯威士兰","Swaziland","268","https://www.chinassl.net/ssltools/country-code.html","2026-06-29"
"TD","乍得","Chad","235","https://www.chinassl.net/ssltools/country-code.html","2026-06-29"
"TG","多哥","Togo","228","https://www.chinassl.net/ssltools/country-code.html","2026-06-29"
"TH","泰国","Thailand","66","https://www.chinassl.net/ssltools/country-code.html","2026-06-29"
"TJ","塔吉克斯坦","Tajikstan","992","https://www.chinassl.net/ssltools/country-code.html","2026-06-29"
"TM","土库曼斯坦","Turkmenistan","993","https://www.chinassl.net/ssltools/country-code.html","2026-06-29"
"TN","突尼斯","Tunisia","216","https://www.chinassl.net/ssltools/country-code.html","2026-06-29"
"TO","汤加","Tonga","676","https://www.chinassl.net/ssltools/country-code.html","2026-06-29"
"TR","土耳其","Turkey","90","https://www.chinassl.net/ssltools/country-code.html","2026-06-29"
"TT","特立尼达和多巴哥","Trinidad and Tobago","1809","https://www.chinassl.net/ssltools/country-code.html","2026-06-29"
"TW","中国台湾省","Taiwan","886","https://www.chinassl.net/ssltools/country-code.html","2026-06-29"
"TZ","坦桑尼亚","Tanzania","255","https://www.chinassl.net/ssltools/country-code.html","2026-06-29"
"UA","乌克兰","Ukraine","380","https://www.chinassl.net/ssltools/country-code.html","2026-06-29"
"UG","乌干达","Uganda","256","https://www.chinassl.net/ssltools/country-code.html","2026-06-29"
"US","美国","United States of America","1","https://www.chinassl.net/ssltools/country-code.html","2026-06-29"
"UY","乌拉圭","Uruguay","598","https://www.chinassl.net/ssltools/country-code.html","2026-06-29"
"UZ","乌兹别克斯坦","Uzbekistan","233","https://www.chinassl.net/ssltools/country-code.html","2026-06-29"
"VC","圣文森特岛","Saint Vincent","1784","https://www.chinassl.net/ssltools/country-code.html","2026-06-29"
"VE","委内瑞拉","Venezuela","58","https://www.chinassl.net/ssltools/country-code.html","2026-06-29"
"VN","越南","Vietnam","84","https://www.chinassl.net/ssltools/country-code.html","2026-06-29"
"YE","也门","Yemen","967","https://www.chinassl.net/ssltools/country-code.html","2026-06-29"
"YU","南斯拉夫","Yugoslavia","381","https://www.chinassl.net/ssltools/country-code.html","2026-06-29"
"ZA","南非","South Africa","27","https://www.chinassl.net/ssltools/country-code.html","2026-06-29"
"ZM","赞比亚","Zambia","260","https://www.chinassl.net/ssltools/country-code.html","2026-06-29"
"ZR","扎伊尔","Zaire","243","https://www.chinassl.net/ssltools/country-code.html","2026-06-29"
"ZW","津巴布韦","Zimbabwe","263","https://www.chinassl.net/ssltools/country-code.html","2026-06-29"
